[null,{"name":"help","permissions":"NONE","restriction":"0","_id":"zGdln","actions":[{"channel":"0","varName":"","message":"```\n🎧Music List Commands:🎧\n\n$help - Pomoc\n$join - Dołącza na kanał\n$leave - Opuszcza kanał/zatrzymuje muzyke\n$play - odtwarza muzyke\n$volume - resetuje głośność\n```","storage":"0","varName2":"","iffalse":"0","iffalseVal":"","name":"Send Message"}]},{"name":"join","permissions":"NONE","restriction":"1","_id":"BiyWo","actions":[{"channel":"0","varName":"","name":"Join Voice Channel"},{"title":"","author":"","color":"","url":"","authorIcon":"#1ed760","authorUrl":"","imageUrl":"","thumbUrl":"","timestamp":"false","debug":"false","text":"","year":"","month":"","day":"","hour":"","minute":"","second":"","storage":"1","varName":"embed_join","name":"Create Embed Message"},{"storage":"1","varName":"embed_join","message":"Już Dołączam! 😎","name":"Set Embed Description"},{"storage":"1","varName":"embed_join","channel":"0","varName2":"","storage3":"0","varName3":"","iffalse":"0","iffalseVal":"","messageContent":"","name":"Send Embed Message"}]},{"name":"Stop","permissions":"NONE","restriction":"1","_id":"PmUIF","actions":[{"name":"Leave Voice Channel"},{"storage":"1","varName":"","channel":"0","varName2":"","storage3":"0","varName3":"","iffalse":"0","iffalseVal":"","messageContent":"","name":"Send Embed Message"},{"storage":"1","varName":"embed_leave","message":"I Leave the channel!","name":"Set Embed Description"}]},{"name":"play","permissions":"SPEAK","restriction":"1","_id":"dfaXI","actions":[{"info":"1","infoIndex":"1","storage":"1","varName":"search","name":"Store Command Params"},{"server":"0","varName":"","storage":"1","varName2":"botmem","name":"Get Bot as Member"},{"type":"0","input":"","info0":"1","info1":"1","apikey":"AIzaSyDak17cU4MtbTU5X0q9D0yqzI7BUqQdafo","results":"1","storage":"1","varName":"videokind","name":"YouTube Search"},{"token":"","user":"","pass":"","url":"https://www.googleapis.com/youtube/v3/search?part=snippet&maxResults=5&q=${tempVars(\"search\")}&key= AIzaSyDak17cU4MtbTU5X0q9D0yqzI7BUqQdafo","path":"items[0].snippet.channelTitle","storage":"2","varName":"channel","debugMode":"1","headers":"","reUse":"1","name":"Store Json From WebAPI"},{"token":"","user":"","pass":"","url":"https://www.googleapis.com/youtube/v3/search?part=snippet&maxResults=5&q=${tempVars(\"search\")}&key= AIzaSyDak17cU4MtbTU5X0q9D0yqzI7BUqQdafo","path":"items[0].snippet.publishedAt","storage":"2","varName":"published","debugMode":"1","headers":"","reUse":"1","name":"Store Json From WebAPI"},{"token":"","user":"","pass":"","url":"https://www.googleapis.com/youtube/v3/search?part=snippet&maxResults=5&q=${tempVars(\"search\")}&key= AIzaSyDak17cU4MtbTU5X0q9D0yqzI7BUqQdafo","path":"items[0].snippet.thumbnails.default.url","storage":"2","varName":"coverart","debugMode":"1","headers":"","reUse":"1","name":"Store Json From WebAPI"},{"token":"","user":"","pass":"","url":"https://www.googleapis.com/youtube/v3/search?part=snippet&maxResults=5&q=${tempVars(\"search\")}&key= AIzaSyDak17cU4MtbTU5X0q9D0yqzI7BUqQdafo","path":"items[0].snippet.title","storage":"2","varName":"title","debugMode":"1","headers":"","reUse":"1","name":"Store Json From WebAPI"},{"token":"","user":"","pass":"","url":"https://www.googleapis.com/youtube/v3/search?part=snippet&maxResults=5&q=${tempVars(\"search\")}&key= AIzaSyDak17cU4MtbTU5X0q9D0yqzI7BUqQdafo","path":"items[0].id.videoId","storage":"2","varName":"url","debugMode":"1","headers":"","reUse":"1","name":"Store Json From WebAPI"},{"channel":"0","varName":"","info":"2","storage":"1","varName2":"playchannel","name":"Store Voice Channel Info"},{"title":"▶️ Teraz Gramy: ${serverVars(\"title\")}","author":"","color":"#0080FF","timestamp":"true","url":"https://www.youtube.com/watch?v=${serverVars(\"url\")}","authorIcon":"","imageUrl":"","thumbUrl":"${serverVars(\"coverart\")}","storage":"1","varName":"embed","name":"Create Embed Message"},{"time":"${serverVars(\"published\")}","storage":"2","varName":"realpublished","name":"Convert Timestamp to Date"},{"storage":"1","varName":"embed","fieldName":"Gramy na:","message":"`${tempVars(\"playchannel\")}`","inline":"0","name":"Add Embed Field"},{"storage":"1","varName":"embed","fieldName":"Opublikowano:","message":"`${serverVars(\"realpublished\")}`","inline":"0","name":"Add Embed Field"},{"storage":"1","varName":"embed","channel":"0","varName2":"","name":"Send Embed Message"},{"channel":"0","varName":"","name":"Join Voice Channel"},{"url":"${serverVars(\"url\")}","seek":"0","volume":"","passes":"1","bitrate":"64000","type":"0","name":"Play YouTube Video"},{"name":"End Action Sequence"}]},{"name":"volume","permissions":"NONE","restriction":"1","_id":"sjgSV","actions":[{"info":"0","infoIndex":"1","storage":"1","varName":"volume_bocika","name":"Store Command Params"},{"volume":"${tem[Vars(\"volume_bocika\")}","name":"Set Audio Volume"},{"channel":"0","varName":"","message":"🔊 Ustawiam głośność bota na `${tempVars(\"volume_bocika\")}`","storage":"0","varName2":"","iffalse":"0","iffalseVal":"","name":"Send Message"}]}]